{"cameraMode":{"drawMode":0,"name":"Shaded","section":"Shading Mode"},"sceneLighting":true,"audioPlay":false,"sceneViewState":{"showFog":true,"showMaterialUpdate":true,"showSkybox":true,"showFlares":true,"showImageEffects":true,"showParticleSystems":true},"in2DMode":false,"pivot":{"x":0.6839485168457031,"y":-1.818411111831665,"z":4.660825252532959},"rotation":{"x":-0.36929669976234438,"y":-0.016173629090189935,"z":0.0064237844198942188,"w":-0.9291549921035767},"size":9.158716201782227,"orthographic":false}